brand_name,brand_name_eng
앤허니,& Honey
앤아더스토리즈,& Other Stories
032씨,032c
100퍼센트,100%
100씨브즈,100Thieves
1017 알릭스 9SM,1017 Alyx 9SM
텐아이반,10eyevan
원엔온,1ANDON
2025 아이콘매치,2025 ICONS MATCH
이투둘,222
225,225
2252,2252
24/7 시리즈,24/7 series
247리프레젠트,247represent
27해빗츠,27habits
투디터,2DITOR
361도,361 Degrees
44 레이블 그룹,44 LABEL GROUP
47 브랜드,47 Brand
51퍼센트,51Percent
칠사사공 삼칠 일,7440-37-1
나나서카,77circa
팔팔양조장,88YANGJOJANG
에잇세컨즈,8seconds
999휴머니티,999Humanity
어콜드월,A Cold Wall
투썸 플레이스,A Twosome Place
에이에이 스펙트럼,A.A Spectrum
랑에 운트 죄네 빈티지,A.Lange & Sohne Vintage
아페쎄,A.P.C.
아페쎄 골프,A.P.C. Golf
아프레쎄,A.Presse
에이24,A24
아캄,AAKAM
에이프,AAPE
에이비페브,ABFAB
앱코,ABKO
에이비오,ABO
아크메드라비,ACME DE LA VIE
아코크,ACOC
아데바,ADEVA
ADSB 앤더슨벨,ADSB ANDERSSON BELL
에이이에이이,AEAE
에얼스,AERSE
어프레쉬,AFRESH
애프터홈파티,AFTERHOMEPARTY
애프터매스,AFTERMATH
에프터누드,AFTERNUDE
아니버,AHNIVER
AI 라이더스,AI Riders
아이아이아이,AIAIAI
아이오랩,AIOLAB
에어메이드,AIRMADE
아재즈,AJAZZ
아조바이아조,AJOBYAJO
에이케이지,AKG
아크리스 빈티지,AKRIS Vintage
관심 ;tl_0;,AKRYL
알바옵틱스,ALBA OPTICS
알렉시,ALEXII
알리사,ALISSA
얼라이브폼,ALIVEFORM
올도큐브,ALLDOCUBE
올인컴플리트,ALLINCOMPLETE
알로아이웨어,ALO EYEWEAR
알파 인더스트리,ALPHA INDUSTRIES
트리플에이,ALSTYLE & APPAREL & ACTIVEWEAR
앰비션 뮤직 x 뉴에라,AMBITION MUSIK x NEW ERA
AMD,AMD
아미,AMI
아모멘토,AMOMENTO
아모우,AMOU
아모프레,AMOUPRE
어뮤즈,AMUSE
안소희,AN SO HEE
앤더슨씨,ANDERSONC
안드레베르디에,ANDRE VERDIER
앵글런,ANGLAN
아노트,ANNOT
아노에틱,ANOETIC
취급주의,ANTIFRAGILE
애니타임로릭,ANYTIMELOREAK
주식회사 에이오디,AOD
아트오브필드,AOF EQUIPMENT
아오이로,AOIRO
에이원,AONE
에이옵,AOP
에이오알,AOR
아포아,APOA
에이큐,AQ
에이알씨,ARC
아치스,ARCHIES
아크무어,ARCMOOR
어레이드,ARRAYED
아르베,ARWE
아쎄이,ASSAY
아톰 에디션,ASTROBOY EDITION
에이티즈,ATEEZ
아떼,ATHE
오토매틱 포 더 피플,AUTOMATIC FOR THE PEOPLE
AWGE,AWGE
에이엑스커넥션,AX CONNECTION
아얀투,AYANTU
아르케,Aarke
아베크롬비 앤 피치,Abercrombie & Fitch
어바웃 블랭크,About:Blank
아브라,Abra
어크루,Accrue
아킬레스,Achilles
아크네 스튜디오,Acne Studios
아크네 스튜디오 빈티지,Acne Studios Vintage
아쿠아 디 파르마,Acqua Di Parma
액션 토이즈,Action Toys
에드,Add
아더에러,Ader Error
아디다스,Adidas
어드바이저리 보드 크리스탈,Advisory Board Crystals
에이시넥틱스,Ae Synctx
이솝,Aesop
에스트라,Aestura
아에타,Aeta
에이디,Aeyde
애프터 프레이,After Pray
아그네스 프로젝트,Agnes Project
에이골디,Agolde
애플,Apple
애플 리퍼비시,Apple Refurbished
아크펄스,Arc Pulse
아크테릭스,Arc'teryx
아카이브앱크,Archivepke
아크스 런던,Arcs London
에리즈 얼라이즈,Aries
아리찌아,Aritzia
아리조나 러브,Arizona Love
아르켓,Arket
아트오브필드,Art of Field
아르떼미데,Artemide
아투,Artue
아트워크 뮤지엄,Artwork Museum
아사히 슈즈,Asahi Shoes
애쉬컴팩트,Ash Compact
애슐리 윌리엄스,Ashley Williams
아식스,Asics
애스크유어셀프,Askyurself
애즈온,Ason
아스텔앤컨,Astell&Kern
아스토플렉스,Astorflex
아수스,Asus
아뜰리에 슈,Atelier Choux
아틀리에폰드,Atelierpond
아떼 뷰티,Athe Beauty
아떼 바네사브루노 Acc,Athe Vanessabruno Acc
아떼 가르송,Athe garcon
아슬레타,Athleta
어티슈,Atiissu
아틀라스 콜렉티프,Atlas COLLECTIF
애티튜드 애티튜드,Attitude Attitude
오브리,Aubrey
오데마 피게,Audemars Piguet
오데마 피게 빈티지,Audemars Piguet Vintage
오디언트,Audient
오디오테크니카,Audio-Technica
어거스트하모니,August Harmony
아우라,Aula
오라리,Auralee
오트리,Autry
아바바브,Avavav
아베다,Aveda
아비에무아,Aviemuah
아비렉스 7522,Avirex 7522
어웬드,Awende
악셀 아리가토,Axel Arigato
아야네오,Ayaneo
에토아,aetoa
애프터마켓,aftermarket
한일,Hanil
한스룸 x 크롬하츠,Hansroom x Chrome Hearts
한화이글스,Hanwha Eagles
한화생명 이스포츠,Hanwha Life Esports
할리 오브 스코틀랜드,Harley of Scotland
하만카돈,Harman Kardon
하만 옵티컬,Harman Optical
해리포터,Harry Potter
핫셀블라드,Hasselblad
해칭룸,Hatchingroom
하우스 노웨어,Haus Nowhere
헤드,Head
하트시그널,Heart Signal
헤비 히터,Heavy Hitter
헤드 메이너,Hed Mayner
히어리,Heeari
하이산,Heisan
헬렌 카민스키,Helen Kaminski
헬렌 카민스키 빈티지,Helen Kaminski Vintage
헬리콘 텍스,Helikon Tex
헬리녹스,Helinox
헬리녹스 웨어,Helinox Wear
엘리엇 에밀,Heliot Emil
헬릭스클로딩,Helixclothing
헬로선라이즈,Hello Sunrise
헬로듀드,Hellodude
헬무트 랭,Helmut Lang
헬스포츠,Helsport
헨더 스킴,Hender Scheme
헨리 코튼,Henry Cotton's
헤라,Hera
히어리브,Here live
헤레우,Hereu
헤리티지 플로스,Heritage Floss
허먼 밀러,Herman Miller
에르마노스 쿠모리,Hermanos Koumori
에르메스,Hermes
에르메스 빈티지,Hermes Vintage
에르노,Herno
에르노 빈티지,Herno Vintage
헤베츠,Hevets
하이 토이,Hi Toy
히든 NY,Hidden NY
하이드앤잭,Hide & Jack
하이파이 사운드 레퍼런스,Hifi Sound Reference
하이칼라,Highcollar
하이엔드 뮤직 엔터테인먼트,Highend Music Entertainment
힐레베르그,Hilleberg
히로,Hiro
호보니치,Hobonichi
K 리그,K League
국가유산진흥원,K-Heritage
케이스위스,K-SWISS
까웨,K-WAY
케이투,K2
칼라파타르,KALA PATTHAR
강혁,KANGHYUK
카오티코,KAOTIKO
카시나,KASINA
카시나 어센틱,KASINA AUTHENTIC
캇제,KATZE
카부,KAVU
한국프로농구,KBL
KBO,KBO
케이씨,KC
켄타로 X 클로그,KENTARO X KLOGG
KESSOKUBAND LIVE in KOREA 「From Shimokitazawa」,KESSOKUBAND LIVE in KOREA 「From Shimokitazawa」
키지코,KIJIKO
키코지,KIKOZY
키쿠,KIKU
김해김,KIMHEKIM
킨키로봇,KINKIROBOT
키르시블렌딩,KIRSH BLENDING
키집,KIZIP
키즈나아이 X 스니덩 아트 컬렉션,KIZUNAAI X SNKRDUNK ART Collection
코코로카라,KOKOROKARA
쿠키시,KOOKEESEE
한국힙합어워즈,KOREAN HIPHOP AWARDS
코유,KOYU
크림 드로우,KREAM DRAW
KREAM 머치,KREAM MERCH
KT 롤스터,KT Rolster
KT 위즈,KT Wiz
커스템,KUSTEM
권은비,KWON EUNBI
쿄,KYO
쿵야 레스토랑즈,KYZ
케이지엠,KZM
카이카이키키,Kaikai Kiki
카이카이키키 TCG,Kaikai Kiki TCG
카카지,Kakazzy
가메만넨,KameManNen
카미엔,Kamien
카미야,Kamiya
금자안경,Kaneko Optical
캉골,Kangol
가누다,Kanuda
캐피탈,Kapital
카파,Kappa
캡틴 선샤인,Kaptain Sunshine
제로그램,ZEROGRAM
지에프엔,ZFN
지오송지오,ZIOSONGZIO
조앤프렌즈,ZO&FRIENDS
즛토마요,ZUTOMAYO INTENSE II
찌콩상점,ZZICONG STORE
쟈딕앤볼테르 빈티지,Zadig & Voltaire Vintage
잠발란,Zamberlan
제인 아츠,Zane Arts
자라,Zara
제냐,Zegna
제니스 빈티지,Zenith Vintage
지기첸,Ziggy Chen
짐머만,Zimmermann
지포,Zippo
지지지,zeezeezee
Y-3,Y-3
얀,Y.A.R.N.
와이프로젝트,Y/Project
야버,YABER
예일,YALE
양홍원,YANGHONGWON
야드세일,YARDSALE
예그,YEGG
예스아이씨,YESEYESEE
이도,YIDO
이에이에,YIEYIE
와이엠씨엘케이와이,YMCL KY
YMR 트랙 클럽,YMR Track Club
요아소비 아시아 투어,YOASOBI ASIA TOUR
요루모루,YORUMORU
유체 프레타 포르테,YOUCHE PRET A PORTER
영오,YOUNGOH
유스웨더나잇,YOUTH WEATHERNIGHT
유쓰배쓰,YOUTHBATH
요위,YOWE
유지,YUJI
유메유메,YUME YUME
유르,YUUR
YVL,YVL
야기,Yagii
야마하,Yamaha
야세,Yase
이지,Yeezy
옐로,Yello
예티,Yeti
이야이야앤프렌즈,Yiayia and friends
인앤양 인 하모니,Yinandyang In Harmony
영앤리치레코즈,Yng & Rich Records
요넥스,Yonex
윤형택,Yoon Hyungtaek
유희,Youhee
영 앤 생,Young N Sang
영거송,Younger Song
강영민,Youngmin Kang
유희왕 OCG,Yu-Gi-Oh OCG
유키오,Yukio
유제피,Yuzefi
이브 살로몬,Yves Salomon
위민,Yvmin
유라이크왓,you like what
와이제트,yz
제닉스,XENICS
제노리포트,XENOREPORT
엑스박스,Xbox
젝시믹스,Xexymix
샤오미,Xiaomi
엑슬림,Xlim
엑스레이지,Xrage
엑스텝,Xtep
와이즈,Wise
위즈,Wiz
울프 1834,Wolf 1834
원체이서,Won Chaser
우즈,Wood's
우진 스토어,Woojin Store
울리치,Woolrich
우왁굳,Woowakgood
우영미,Wooyoungmi
웨이드 x 프라그먼트,World Wide Wade x Fragment
위드썸,withsome
바겐슈타이거,WAGENSTIEGER
워크온웨이크,WALKONWAKE
원더러스트 코리아 2024,WANDERLUST KOREA 2024
워터밤,WATERBOMB
웨이메이커,WAYMAKER
WD,WD
위얼드월드,WEIRD WORLD
웰터 익스페리먼트,WELTER EXPERIMENT
웽거,WENGER
웨슬리 휴스턴,WESLEY HYUSTON
웻태그,WET TAG
와기,WHAGI
와일,WHILE
후아유,WHO.A.U
와이드뷰,WIDEVU
윌비 랩,WILLBE LAB
윌비플레이,WILLBE PLAY
윙,WING
위닉스,WINIX
위켄더스,WKNDRS
WMC,WMC
분더캄머,WNDERKAMMER
원소주,WON SOJU
우알롱,WOOALONG
우드먼,WOODMAN
WPC,WPC
랭글러,WRANGLER
워크사이트레코즈,WSR
더블탭스,WTAPS
더블유티디,WTD
위저드,WZRD
와코 마리아,Wacko Maria
와콤,Wacom
웨이퍼,Waiper
웨일스 보너,Wales Bonner
워크 인 파리,Walk In Paris
월레스와 그로밋,Wallace & Gromit
왑웍스,Wapworks
웨어하우스,Warehouse & Co.
웨이비니스,Waviness
웨프트07,Weft07
베르크슈타트 뮌헨,Werkstatt:Munchen
웨스턴 하이드로다이나믹 리서치,Western Hydrodynamic Research
웨스턴 마운티니어링,Western Mountaineering
위키드 x 블루밍테일,Wicked X Bloomingtale
와일드 동키,Wild Donkey
와일드띵스,Wildthings
윌리 차바리아,Willy Chavarria
윌슨,Wilson
위닝,Winning
빅토리아 시크릿,Victoria's Secret
빌리지 피엠,Village PM
버지니아,Virginia
비전오브슈퍼,Vision Of Super
비즈빔,Visvim
비비안 웨스트우드,Vivienne Westwood
비비안 웨스트우드 빈티지,Vivienne Westwood Vintage
비보베어풋,Vivo Barefoot
본더치,Von Dutch
본바트,Vonvat
비비드몽타주,vividmontage
분크,vunque
브이엑스,V-EXX
브이에이 도쿄,V.A Tokyo
버육대 2025,VAC 2025
베이컨트 아카이브,VACANT ARCHIVE
발렌타,VALENTA
바우트,VAUT
백신,VAXINE
비디알,VDR
베지터블 플라워 스튜디오,VEGETABLE FLOWER STUDIO
벤더스,VENDORS
버바나스,VERBENAS
VERDY(베르디) : I Believe in me,VERDY : I Believe in me
베루툼,VERUTUM
빅토리녹스,VICTORINOX
빈티지아이 콜렉터스 클럽,VINTAGEYE COLLECTORS CLUB
비자비,VIS A VIS
비타티브,VITATIV
비바이아,VIVAIA
발로란트 // 프라그먼트,VLRNT // FRGMT
볼컴,VOLCOM
분트,VOONT
관심 ;tl_0;,VVM
바쉐론 콘스탄틴,Vacheron Constantin
바쉐론 콘스탄틴 빈티지,Vacheron Constantin Vintage
발렌티노,Valentino
발렌티노 빈티지,Valentino Vintage
발렉스트라,Valextra
밸브,Valve
반 클리프 & 아펠,Van Cleef & Arpels
반 클리프 & 아펠 빈티지,Van Cleef & Arpels Vintage
반코르,Vancor
반디 더 핑크,Vandy The Pink
바네사 브루노,Vanessa Bruno
반스,Vans
밴슨,Vanson
벤슨 레더,Vanson Leathers
바퀘라,Vaquera
바밀로,Varmilo
베자,Veja
베넘,Venum
베르디,Verdy
베르사 그립,Versa Gripps
베르사체,Versace
베르사체 빈티지,Versace Vintage
베트멍 빈티지,Vetement Vintage
베트멍,Vetements
뵈브 클리코,Veuve Clicquot
비브람 파이브핑거스,Vibram Fivefingers
빅터 빅터,Victor Victor
빅토리아 슈즈,Victoria Shoes
유에프씨 스포츠,UFC SPORT
어그,UGG
어글리쉐도우,UGLYSHADOW
언더그라운드락스타,UGRS
얼렁뚱땅 상점,ULDD
울리카 상투스,ULIKASANCTUS
우마뭉,UMARMUNG
언어펙티드,UNAFFECTED
유니크시티,UNIQUECITY
유니버스 가먼트,UNIVERSE GARMENT
언노운블루,UNKNOWN BLUE
언베니쉬,UNVANISH
어반 자카파,URBAN ZAKAPA
유알에이치,URH
유에스엠,USM
UVU,UVU
유그린,Ugreen
울트라백화점 서울,Ultra Department Store Seoul
엄브로,Umbro
유메르,Umer
언본소사이어티,Unborn Society
언더아머,Under Armour
언더커버,Undercover
언더마이카,Undermycar
유니,Uni
유니폼브릿지,Uniform Bridge
유니온 아레나 TCG,Union Arena TCG
유니클로,Uniqlo
유나이티드 워커스 리퍼블릭,United Workers Republic
우나,Unna
언스테디마켓,Unsteady Market
어반소피스티케이션,Urbansophistication
언차티드에스테틱퀘스트,uncharted aesthetic quest
언페이지,unpage
우벡스,uvex
윈,uyn
톰포드,Tom Ford
톰 삭스,Tom Sachs
타미 힐피거,Tommy Hilfiger
타미 진스,Tommy Jeans
토니웩,Tonywack
탑 토이,Top Toy
탑스,Topps
토리버치,Tory Burch
토리버치 빈티지,Tory Burch Vintage
토템,Toteme
투티에,Tout Y Est
토이 & 굿즈,Toys & Goods
토이즈 맥코이,Toys McCoy
트랙스미스,Tracksmith
트레이더 조,Trader Joe's
트락타트,Traktat
트랜스페어런트,Transparent
트래비스 스캇,Travis Scott
트리밍버드,Treemingbird
트레통,Tretorn
트로앤토프,Troentorp
트루릴리젼,True Religion
차르봄바,Tsar Bomba
튜더,Tudor
튜더 빈티지,Tudor Vintage
투위드,Tuewid
투미,Tumi
트웰브사우스,Twelve South
타이핑 미스테이크,Typing Mistake
탄산마그네슘,tansanmagnesium
이웃집통통이,tongtonge
톤얼타이드,tornortied
트리플에스 x 오버더피치,tripleS x Over The Pitch
더 바넷,The Barnnet
더 콜디스트 모먼트,The Coldest Moment
더가먼츠,The Garment
더 그린 파티,The Green Party
더 가이즈,The Guys
더 H.W 도그 앤 코,The H.W.Dog & Co.
더하이퍼디멘션,The Hyper Dimension
더뮤지엄비지터,The Museum Visitor
더뮤지엄비지터 x 케이크,The Museum Visitor x Cake
더네온문,The NEONMOON
노스페이스,The North Face
노스페이스 퍼플라벨,The North Face Purple Label
감자연구소,The Potato Lab
더 리얼 맥코이,The Real McCoy's
더 름,The Reum
더 로우,The Row
더 로우 빈티지,The Row Vintage
슈가 펀치,The Sugar Punch
더오유,Theohyou
띠어리,Theory
더바이닐하우스,Thevinylhouse
써드무브먼트,Third movement
디스이즈네버댓,Thisisneverthat
톰브라운,Thom Browne
톰브라운 빈티지,Thom Browne Vintage
톰맥캔,Thom McAn
톰,Thome
쏘로굿,Thorogood
쓰리타임즈,Threetimes
떠그 클럽,Thug Club
티켓투더문,Ticket To The Moon
타이미,Tie. Me
티파니 앤 코,Tiffany & Co.
티파니앤코 빈티지,Tiffany & Co. Vintage
타이트부스,Tightbooth
티락,Tilak
팀버 스케이트보드,Timber Skateboard
팀버랜드,Timberland
타임 옴므,Time Homme
타임 빈티지,Time Vintage
타이맥스,Timex
티쏘,Tissot
티타니카,Titanika
타이틀리스트,Titleist
토드스툴,Toadstool
토즈,Tod's
토즈 빈티지,Tod's Vintage
토에이 스튜디오,Toei Studio
토가,Toga
토호 애니메이션,Toho Animation
토니호크,TONY HAWK
도시바 빈티지,TOSHIBA Vintage
토우토우아카이브,TOWTOW.ARCHIVE
트릿,TRIIT
트로즈크,TROZK
트루쿡,TRUECOOK
트렁크프로젝트,TRUNKPROJECT
투에투아,TU ET TOI
TVR,TVR
트웰브,TWELVE
트웬티포티,TWENTY FOUR T
트위그뉴욕,TWIG NEWYORK
트위너,TWINER
트윈스 코카콜라 컬렉션,TWINS Coca-Cola Collection
투스페이스,TWOSPC.
TWS(투어스),TWS(투어스)
티어,TYR
타비,Tabi
타크,Tach
타이가 타카하시,Taiga Takahashi
타카기,Takagi
무라카미 타카시,Takashi Murakami
타카시바 기무네,Takashiba Gimune
다마고치,Tamagotchi
탬버린즈,Tamburins
템스 & 허드슨,Tames & Hudson
다나카,Tanaka
탠디,Tandy
탱글우드,Tanglewood
타릿,Tareet
태리타운,Tarrytown
타르트옵티컬,Tart Optical
토앤토,Taw&Toe
테일러메이드,Taylormade
텍타,Tecta
테디테일즈,TeddyTales
티스,Teeth
테프 스토어즈,Tef Stores
테켓,Teket
테클라,Tekla
텔파,Telfar
템베아,Tembea
템포러리 유니버스,Temporary Universe
템퍼,Tempur
텐씨,Ten C
테슬라,Tesla
테스트 아티팩트,Test Artifact
티톤 브로스,Teton Bros
디 에어 하우스,The Air House
디 아티코,The Attico
티비오에스,T.B.O.S
티원,T1
태,TAAE
태그 호이어,TAG Heuer
태그호이어 빈티지,TAG Heuer Vintage
타이온,TAION
타카히로미야시타 더 솔로이스트,TAKAHIROMIYASHITA TheSoloist.
탈리다쿰,TALITHA KOUM
타미카집,TAMIKA ZIP
타무르,TAMUR
타오,TAO
타센 코리아,TASCHEN KOREA
팀 백호,TEAM BAEKHO
팀 왕 디자인,TEAM WANG Design
티링제이,TEE RING JAY
텔레포노,TELEFONO
테누타 산틸라리오,TENUTA SANTILARIO
테라로사,TERAROSA
테라로사 푸드,TERAROSA FOOD
테레루,TERERU
테라쎄,TERRASSE
테츠오아이웨어,TETSUO EYEWEAR
테바,TEVA
디아더생츄어리,THE ATHER SANCTUARY
더바른떡,THE BAREUN TTEOK
더클로이스터,THE CLOISTER
더컴플리티스트,THE COMPLETIST
더 글로우 2025,THE GLOW 2025
더그레이티스트,THE GREATEST
더현대 서울,THE HYUNDAI SEOUL
더마일,THE MILE
더페어쇼,THE PAIR SHOW
더 래그드 프리스트,THE RAGGED PRIEST
더 새터데이 이브닝 포스트,THE SATURDAY EVENING POST
더 스캇렉,THE SCOT WRECK
더왈드,THE WARLD
더블랙레이블,THEBLACKLABEL
더일마,THEILMA
씽크웨이,THINKWAY
떨스티클럽,THIRSTY CLUB
디스이즈파인,THIS IS FINE
디스이즈저스디스,THISISJUSTHIS
트레셔,THRASHER
쓰리치얼스,THREECHEERS
타임투런,TIME TO RUN
티엔지티,TNGT
토아크넷,TOAKNET
토큰기프트,TOKEN GIFT
톰 포드 빈티지,TOM FORD Vintage
톤오브유,TONE OF YOU
써저리,Surgery
서플러스 리서치,Surplus Research
수원 삼성 블루윙즈,Suwon Samsung Bluewings
스와로브스키,Swarovski
스와치,Swatch
실바니안 패밀리,Sylvanian Families
쇠아,SØAR
에스이오,s/e/o
사로스,saros
사유,sayuu
스몰스튜핏튠즈,smallstupidtunes
사운드바이브,soundvibe
슈타인,ssstein
사운즈굿,Sounds Good
사우스2 웨스트8,South2 West8
수베니어 오피셜,Souvenir Official
소양주조,Soyang  Brewery
스파이더,Sp5der
스파워트,Spalwart
스파오,Spao
스펙트럼,Spectrum
스피도,Speedo
스피커,Speeker
네모바지 스폰지밥,SpongeBob SquarePants
스포츠뎁트,Sports Dept
스포티 앤 리치,Sporty & Rich
스펀지,Spunge
스파이더,Spyder
스퀴시멜로우,Squishmallows
스탠드 오일,Stand Oil
스탠리,Stanley
스타벅스,Starbucks
스타우브,Staub
스타우드,Staud
스틸시리즈,Steelseries
스테판 쿡,Stefan Cooke
스테파노로시,Stefanorossi
스텔라 아르투아,Stella Artois
스텔라 맥카트니,Stella McCartney
스테레오포닉사운드,Stereophonic Sound
스티키몬스터랩,Sticky Monster Lab
스틸 바이 핸드,Still By Hand
스틸레써디,Still Lethardy
스톡홀름 서프보드 클럽,Stockholm Surfboard Club
스토,Stoe
스토케,Stokke
스톤 아일랜드,Stone Island
스톤 아일랜드 빈티지,Stone Island Vintage
스토리 엠에프지,Story mfg
스트링 팅,String Ting
스튜어트 와이츠먼,Stuart Weitzman
스튜디오 니콜슨,Studio Nicholson
스투시,Stussy
스웨이드,Suade
스부,Subu
슈가 케인,Sugar Cane
수이코크,Suicoke
설화수,Sulwhasoo
선데이오프클럽,Sundayoffclub
써네이,Sunnei
선스펠,Sunspel
수프라,Supra
슈프림,Supreme
센소,Senso
서울 이랜드 FC,Seoul E-Land FC
서울 재즈 페스티벌,Seoul Jazz Festival
세르주루텐,Serge Lutens
서비스매뉴얼,Service Manual
세토 크래프트,Seto Craft
세븐 바이 세븐,Seven By Seven
샤카웨어,Shaka Wear
샬롬 클럽,Shalomclub
샤크 닌자,Shark NINJA
쉬글램,Sheglam
시세이도,Shiseido
슈브제,Shoevjet
슈펜,Shoopen
소요롤,Shoyoroll
슈에무라,Shu Uemura
슈어,Shure
슈슈통,Shushu/Tong
식케이,Sik-K
은,Silver
심스,Simms
시몬 로샤,Simone Rocha
시슬리,Sisley
스카겐,Skagen
스케이터,Skater
스케쳐스,Skechers
스킴스,Skims
스키나마,Skinarma
슬리피존스,Sleepy Jones
슬립,Slip
슬로우 가먼츠,Sllow Garments
느린마을,Slow village
스미스앤레더,Smith & Leather
스내피커들,Snappy Cuddle
스니커콘 서울,Sneaker Con SEOUL
스노우 피크,Snow Peak
소어 러닝,Soar Running
삭스업,Socks Up
소프트썸네일,Soft Thumbnail
소프트오피스,Softoffice
솔러스에어,SoleusAir
솔리드 옴므,Solid Homme
소니엔젤,Sonny Angel
소니,Sony
소니카메라,Sony Camera
소렐,Sorel
소스킬,Soskill
소우소우,Sou Sou
소울푸시캣,Soulpussycat
사운드룩,Soundlook
사카이 빈티지,Sacai Vintage
사치켓,Sachiket
사파리스팟,Safarispot
세이지 네이션,Sage Nation
세인트 제임스,Saint James
생로랑,Saint Laurent
생로랑 빈티지,Saint Laurent Vintage
세인트 마이클,Saint Mxxxxxx
살로몬,Salomon
솔트워터 샌들,Saltwater Sandal
삼립,Samlip
세이모 온도,Samo Ondoh
샘소이 샘소이,Samsoe Samsoe
쌤소나이트,Samsonite
삼성,Samsung
삼성 비스포크 AI 스팀 포켓몬 에디션,Samsung Bespoke AI Steam Pokemon Edition
삼성 라이온즈,Samsung Lions
삼성 리퍼비시,Samsung Refurbished
삼성 빈티지,Samsung Vintage
삼성 x 언더마이카,Samsung x Undermycar
사무엘 젤리그,Samuel Zelig
산엑스,San-X
샌드사운드,Sand Sound
산드로,Sandro
산드로 빈티지,Sandro Vintage
샌디 리앙,Sandy Liang
산쿠안즈,Sankuanz
산리오,Sanrio
산산기어,Sansan Gear
산타 크루즈,Santa Cruz
산타 마리아 노벨라,Santa Maria Novella
새티스파이,Satisfy
써코니,Saucony
사울 내쉬,Saul Nash
세비지 아이웨어,Sauvage Eyewear
사베트,Savette
세이투셰,Say Touche
스카르파,Scarpa
스콜피온,Scorpion
스크림 레코즈,ScreaM Records
스쿠데리아 페라리,Scuderia Ferrari
스커퍼스,Scuffers
스컬프터,Sculptor
셉스,Sebs.
세가,Sega
세이코,Seiko
셀프 포트레이트,Self Portrait
셀러위크,Seller Week
센치 디자인,Senchi Design
젠하이저,Sennheiser
소이,SOI
속담,SOKDAM
솔랩,SOLEP
솔리튜드,SOLITUDE
썸웨어 아웃사이드,SOMEWHERE OUTSIDE HIKING COMPANY
소모스,SOMOS
솜속,SOMSOC
송지오,SONGZIO
송지오 우먼,SONGZIO WOMAN
소니 빈티지,SONY Vintage
순진,SOONJEANS
소소모소,SOSOMOSO
소츄,SOTSU
소울푸시캣,SOUL PUSSSYCAT
쏘유레슈어 볼드,SOULESURES BOLD
사운드웨이브,SOUNDWAVE
스팸,SPAM®
스포츠챔버,SPORT CHAMBER
스파이 패밀리,SPYxFAMILY
쎄담,SSEDAM
쎄르페,SSERPE
SSG 랜더스,SSG Landers
스테이지 파이터,STAGE FIGHTER
스탠스,STANCE
스타터,STARTER
스테이로스트,STAY LOST
스테이폴리오,STAYFOLIO
스팁,STEEPC
스티키606,STICKY606
스톡튼,STOKTON
스트레인져,STRANGER
에스티유,STU
스튜디오 마스 프루타,STUDIO MAS FRUTA
스튜디오위어드,STUDIO WEIRD
수아레 우먼,SUARE WOMEN
서브카테고리,SUBCATEGORY
슈콤마보니,SUECOMMA BONNIE
선데이세레머니,SUNDAY CEREMONY
썬릿,SUNLIT
썬러브,SUNLOVE
써넥트,SUNNECT
슈퍼73,SUPER73
슈퍼마켙 플라워,SUPERMARKET FLOWER
슈퍼팝,SUPERPOP
슈퍼벨로체,SUPERVELOCE
순토,SUUNTO
심,SYMM
사봉,Sabon
사브르 파리,Sabre Paris
사카이,Sacai
S.T. 듀퐁,S.T. Dupont
에스더블,S/Double
세이플리,SAFELY
세일레이싱,SAILRACING
사무엘 스몰즈,SAMUEL SMALLS
산리,SANLI
산시,SANSI
산타앤콜,SANTA&COLE
산요 빈티지,SANYO Vintage
사피엔스,SAPIENS
세터,SATUR
새턴버드,SATURNBIRD
삭스,SAXX
세이스라,SAYSRA
SC 스튜디오,SC Studio
에스씨씨,SCC
스쿠도,SCUDO
시머스,SEAMUS
씬,SEEN
세르,SEHR
센티멍,SENTIMENTS
시리즈,SERIES
세요케이,SEYO.K
스가브,SGAV
샤키리,SHAKIRI
샤지,SHARGE
신일,SHINIL
샥즈,SHOKZ
쉐도우,SHXDW
시에가,SIEGA
시에라디자인,SIERRA DESIGNS
사일런트실러블,SILENTSYLLABLE
실리만,SILLYMANN
실른,SILN
실바트,SILVAT
신지모루,SINJIMORU
시오,SIO
시사오,SISAO
SK-II,SK-II
스케이터락,SK8ERROCK
스카이라크,SKYLRK
에스엘비에스,SLBS
슬릭글로우,SLEEKGLOW
슬리피곰,SLEEPYGOM
슬로우 레코드 하우스,SLOW RECORD HOUSE
에스엠에프케이,SMFK
스모크어스타,SMOKEASTAR
스니즈 매거진,SNEEZE Magazine
소이,SOE
소호 서울,SOHO Seoul
루트파인더,Rootfinder
로제프란츠,Rosefrantz
러프넥,Roughneck
루즈,Rouje
로이체,Royche
알티에이,RtA
럼블 롤러,Rumble Roller
러스트앤스톤,Rust And Stone
러스트 무드,Rust Mood
알비유,rbU
리히트,reheat
로이쉬,reusch
로드,rhode
로스,rhos
알엔알엔,rnrn
러프 사이드,rough side
런위더,runwhither
레이온 버트,Rayon Vert
레이저,Razer
리멘트,Re-Ment
리던,Re/Done
리얼 포스,Real Force
리얼리제이션,Realisation
렉토,Recto
레드불 레이싱,Red Bull Racing
레드불 스노우 스플래쉬,Red Bull Snow Splash
레드윙,Red Wing
리복,Reebok
리파,Refa
리매진,Remagine
레미 릴리프,Remi Relief
레페토,Repetto
리프레젠트,Represent
리프로덕션 오브 파운드,Reproduction of Found
흐꺙,Reqins
레저렉션13,Resurrection13
리터니티,Reternity
레트로슈퍼퓨처,Retrosuperfuture
화산귀환,Return of the Blossoming Blade
리벤지,Revenge
리벤지 x 스톰,Revenge x Storm
루드,Rhude
리차드 밀 빈티지,Richard Mille Vintage
릭 오웬스,Rick Owens
릭 오웬스 빈티지,Rick Owens Vintage
리코,Ricoh
라이다,Ridar
리에르,Rier
리모와,Rimowa
리츠 파리,Ritz Paris
리졸리,Rizzoli
로보락,Roborock
락피쉬웨더웨어,Rockfishweatherwear
락포트,Rockport
로데,Rode
로저 드뷔 빈티지,Roger Dubuis Vintage
로저 비비에,Roger Vivier
로저 비비에 빈티지,Roger Vivier Vintage
료카,Roka
롤렉스,Rolex
롤렉스 빈티지,Rolex Vintage
롤링 롤라이,Rolling Rolleye
롤링플레이,RollingPlay
롬앤,Rom&nd
로맨틱 무브,Romantic Move
론카토,Roncato
론,Rone
알앤코,R&Co.
라드,R.A.D
R13,R13
라드리미티드,RAD LIMITED
라도 빈티지,RADO Vintage
레인스,RAINS
라모랭,RAMOLIN
랩비트,RAPBEAT
리빗,RBBT
알디브이제트,RDVZ
리액티파이,REACTIFY
리끌로우,RECLOW
리필드,REFILLED
리갈,REGAL
레이즈미야,REISE MIYA
리멤버,REMEMBER
렌,REN
리파이너,REPINER
리큐엠,REQM
레쥬메,RESUME
리차드,RICHARD
리코 빈티지,RICOH Vintage
라이플페이퍼,RIFLE PAPER CO.
리오므,RIOMEU
이사배 어드벤처,RISABAE ADVENTURE
로아,ROA
로어링라드,ROARINGRAD
로씨로씨,ROCCI ROCCI
로긴 앤 로지,ROGIN N ROSIE
로맨티누어,ROMANTINUER
록시,ROXY
루바티,RUBATI
러닉스,RUNNIX
런웨이투서울,RUNWAY TO SEOUL
러스틱클럽,RUSTIC CLUB
루카,RVCA
알더블유비,RWB
류 증류소,RYU Distillery
률앤와이,RYUL+WAI:
랩,Rab
라푸,Rafu
레인보우 컨트리,Rainbow Country
레인보우샌들,Rainbow Sandals
레이브,Raive
라미더스,Ramidus
란라,Ranra
라즈베리파이,Raspberrypie
라스벳,Rassvet
레이브 리뷰,Rave Review
레이밴,Ray-Ban
큐만,QMAN
큐티에잇,QT8 GARMENTS
쿼터브,QUARTEVV
퀵실버,QUIKSILVER
큐더블유이알,QWER
쿼르코어,Quarqor
쿠버스,Qubus
퀸 스튜디오,Queen Studios
곽철이,QwakCheol
큐마일,qmile®
큐에이피,qualisartifexpereo
페트레이,Peuterey
필레오,Phileo
필립스,Philips
필립스 휴,Philips Hue
피비 파일로,Phoebe Philo
포토 카드,Photo Card
피아제 빈티지,Piaget Vintage
피칸테,Picante
피코,Pico
필그림 서프+서플라이,Pilgrim Surf+Supply
핑구,Pingu
핑크 베어,Pink Bear
플라스틱아크,Plastic Ark
플라스티카나,Plasticana
플라스틱 밴디지,Plastick Bandage
플레이 꼼데가르송,Play Comme des Garcons
플레이스테이션,PlayStation
플레이모빌,Playmobil
플리츠 플리즈 이세이 미야케,Pleats Please Issey Miyake
포켓몬,Pokemon
포켓몬 몬콜레,Pokemon Monster Collection
포켓몬 TCG,Pokemon TCG
포켓몬 쿨쿨 에디션,Pokémon ZZZ Edition
폴라 스케이트,Polar Skate Co.
폴렌느,Polene
폴로 랄프 로렌,Polo Ralph Lauren
폴리테루,Polyteru
폴리테루 휴먼인덱스,Polyteru Human Index
폴리테루 우먼,Polyteru Women
팝마트,Pop Mart
팝 트레이딩 컴퍼니,Pop Trading Company
포탈,Portal
포터,Porter
포터 클래식,Porter Classic
포트레,Portre
포스트 아카이브 팩션,Post Archive Faction (PAF)
포스트 오버롤즈,Post O'Alls
포터리,Pottery
프라다,Prada
프라다 빈티지,Prada Vintage
프레잉,Praying
프리플로우,Preflow
프라임1스튜디오,Prime1Studio
프린트 베이커리,Print Bakery
프라블럼올웨이즈,Problemallways
프로토콜 인덱스,Protocol Index
퍼블릭비컨,Public Beacon
풀리오,Pulio
푸마,Puma
펀치드렁크파티즈,Punch Drunk Parties
퍼셀,Purcell
피레넥스,Pyrenex
페이지시시,pagesiisii
파세르,passer
플라티늄메이드,platinum.made
풀라르,pular
퓨어골드에스지,puregoldsg
프로-스펙스 x LG 트윈스,PRO-SPECS X LG TWINS
프로젝트지알,PROJECT G/R
프로젝트렌트,PROJECT RENT
프로넛,PRONUT
프록시엘,PROXY.L
피알티피알티샵,PRTPRTSHOP
피식대학,PSICK UNIV
푸마 바이 리빌리,PUMA by Libilly
퓨레,PUREE
피브이씨에스,PVCS
피엑스지,PXG
팩세이프,Pacsafe
파히섬,Pahisum
팔라스,Palace
팔라스 빈티지,Palace Vintage
팔란티어,Palantir
페일제이드,Pale Jade
팜 팔스,Palm Pals
팔로마울,Paloma Wool
팔리 할리우드,Paly Hollywood
파나소닉 빈티지,Panasonic Vintage
판도라,Pandora
파니니,Panini
파라부트,Paraboot
파라다이스문화재단,Paradise Cultural Foundation
파라점퍼스,Parajumpers
퍼퓸 드 말리,Parfums De Marly
파리 생제르맹,Paris Saint-Germain
파티시페이션,Participation
파르티멘토,Partimento
파르티멘토 리웍스,Partimento Reworks
파타고니아,Patagonia
파텍 필립,Patek Philippe
파텍 필립 빈티지,Patek Philippe Vintage
파티세리폰드,Patisseriepond
파투,Patou
폴 스미스,Paul Smith
파울라 카노바스 델 바스,Paula Canovas Del Vas
피스마이너스원,Peaceminusone
피치스,Peaches.
피치 덴,Peachy Den
피크 퍼포먼스,Peak Performance
피넛츠앤코,Peanuts&Co.
페르트,Pehrt
페몬트,Pemont
펜할리곤스,Penhaligon's
퍼펙트 다이어리,Perfect Diary
퍼머넌트북스,Permanent Books
페로탕,Perrotin
퍼버즈,Perverze
파블로카노,PABLO CANO
파코서플라이,PACOSPLY
페이즈,PAES
파잘,PAJAR
팜엔젤스,PALM ANGELS
빵어니스타,PANHONESTA
판저글래스,PANZERGLASS
패러킷,PARAKEET
패리티,PARITY
박효신,PARK HYO SHIN
파시 아뜰리에,PASCH ATELIER
퍼즈플리즈,PAUSE PLEASE
피디에프 채널,PDF Channel
페블온,PEBBLE ON
피시스,PEECES
피브스피브스,PEEVES PEEVES
페니플레이트,PENNY PLATE
펜탁스 빈티지,PENTAX Vintage
퍼렌,PERENN
퍼머넌트 아카이브,PERMANENT ARCHIVE
페요테,PEYOTE
포스333,PHOS333
포토제니아굿즈,PHOTOZENIAGOODS
피지컬 디파트먼트,PHYSICAL DEPARTMENT
피부피부,PIBU PIBU
피타카,PITAKA
피스스포츠,PITHSPORTS
플랙,PLAC
플라스틱프로덕트,PLASTICPRODUCT
플래토,PLATEAU
플랫폼엘,PLATFORM-L
플러스마이너스제로,PLUS MINUS ZERO
피엔지 저널,PNG Journal
맛피아와 팝옾카페,POP-OFF Café with Napoli Matfia
포트레이트리포트,PORTRAIT REPORT
포즈넘버에잇,POSE NUMBER EIGHT
포샤,POSHA
포져,POSR
포스트맨,POSTMAN
포테,POTE
피오티알,POTR
퍼츠,POTS
푸펫,POUPPET
프리티스킨,PRETTYSKIN
프린트스타,PRINTSTAR
프리즘,PRIZM
프로-스펙스,PRO-SPECS
프로-스펙스 x FC 서울,PRO-SPECS X FC SEOUL
프로-스펙스 x KBA,PRO-SPECS X KBA
프로-스펙스 x KBSA,PRO-SPECS X KBSA
온 에어,On Air
온 러닝,On Running
온앤온,On&On
원피스 TCG,One Piece TCG
오니츠카 타이거,Onitsuka Tiger
온라인 세라믹스,Online Ceramics
오니뗄라,Onnitella
빤쮸토끼,Opanchu Usagi
오픈 Yy,Open Yy
오픈AI,OpenAI
오프닝 프로젝트,Opening Project
옵티미스틱 러너스,Optimistic Runners
오리엔트,Orient
오리지널스포츠,Original Sports
오리진스,Origins
올레바 브라운,Orlebar Brown
오어슬로우,Orslow
최애의 아이,Oshi No Ko
오스프리,Osprey
오스트리야,Ostrya
오토 958,Otto 958
오토링거,Ottolinger
아워레가시,Our Legacy
아워파스,Ourpas
아웃도어 보이스,Outdoor Voices
아웃스탠딩,Outstanding
오버 더 피치,Over The Pitch
압도,Overwhelm
옥스포드,Oxford
오브콜스와이낫,ofcoursewhynot
원사이즈핏츠올,onesizefitsall
O.F.S,O.F.S
오에이에스,OAS
오브제바이쿤달,OBJET BY KUNDAL
오브제213,OBJET213
오감소,OCALMSO
오다카,ODAKHA
오드미,ODDME
오들리워크샵,ODLYWORKSHOP
오프그리드,OFFGRID
오가프,OGARP
오센트,OHSCENT
오호스,OJOS
옥승철 X 롯데뮤지엄,OK SEUNGCHEOL X LOTTE MUSEUM
올리베,OLIVET
올리,OLLY
올림푸스 빈티지,OLYMPUS Vintage
오엠오,OMO
원피스 이모션 전시,ONE PIECE EMOTION KOREA
원피스,ONEPIECE
원알엠,ONERM
우포스,OOFOS
웁서울,OOPSeoul
오큐오,OQO
올피움,OR-FIUME
오렌지 클럽,ORANGE CLUB
오르오르,OROR
오르또,ORTO
오브룸,OVROOM
오클리,Oakley
오베이,Obey
오션 & 그라운드,Ocean & Ground
옥토버디,Octo Buddy
오덴세,Odense
오딧세이,Odyssey
오프화이트,Off-White
오프화이트 빈티지,Off-White Vintage
오피치네 크레아티베,Officine Creative
오피치네 파네라이 빈티지,Officine Panerai Vintage
오프라,Ofra
오하나 하타케,Ohana Hatake
오헤시오,Ohesio
오휘,Ohui
오아드,Oiad
올드 오더,Old Order
올렌드,Olend
올리브 드랩 서비스,Olive Drab Service
올리버 골드스미스,Oliver Goldsmith
올리버 피플스,Oliver Peoples
오메가,Omega
오메가 빈티지,Omega Vintage
노스피크,Northpeak
노스웨이브,Northwave
노쿨러스,Nos Couleurs
노타백,Notabag
낫싱,Nothing
낫띵 리튼,Nothing Written
노티스에바샘,Noticevasam
노츠,Nottz
뉴스킨,Nu Skin
누페이스,Nuface
누플랏,Nuflaat
널담,Nuldam
누스누스,Nusnus
누옛,Nuyet
엔비디아,Nvidia
나츠,naats
네거티브 스플릿 클럽,negative split club
농심,nongshim
노운,noun
누비즈,nubeez
네임세이크,Namesake
나나미카,Nanamica
난가,Nanga
나노블럭,Nanoblock
나누시카,Nanushka
나스,Nars
내셔널지오그래픽,National Geographic
네이티브 선즈,Native Sons
네이티브 유니온,NativeUnion
니들스,Needles
네거티브쓰리,NegativeThree
네이비,Neib
네이버후드,Neighborhood
넨도로이드,Nendoroid
네파,Nepa
누구떼,Neugute
뉴발란스,New Balance
뉴발란스 아이웨어,New Balance Eyewear
뉴에라,New Era
뉴 락,New Rock
뉴진스,NewJeans
뉴베리니팅,Newberry Knitting
뉴치프시크 디피,Newcheapchic.dp
넥스트도어립스,Nextdoorlips
엔프프,Nff
니로 세렌디피티,NiRO.SERENDiPiTY
나이스네스,Niceness
나이젤 카본,Nigel Cabourn
나이키,Nike
니코앤드,Niko And
니콘,Nikon
니콘 빈티지,Nikon Vintage
레어리티스,Nine Rarities
닌텐도,Nintendo
노말,Nnormal
노복싱노라이프,No Boxing No Life
노페이스 스튜디오,No/Faith Studios
노아,Noah
노비스,Nobis
노클,Nocle
노이아고,Noiago
노이스,Noice
논논,Nonenon
논픽션,Nonfiction
논노드,Nonnod
나니머스에이에이,Nonymous Aa
누리토이즈,Noori Toys
노플라스틱선데이,Noplasticsunday
노다,Norda
노르디스크,Nordisk
엔 아카이브,N ARCHIVE
나아나나,NA A NANA
나이엔,NAAIEEN
나나카세이,NANAKASEI
네이티브,NATIVE
나비버스,NAVIVERSE
엔비피시스,NBPSIS
엔씨 다이노스,NC Dinos
네프네프,NEFNEF
너드 X,NERD X
네더월드,NETHERWORLD
노이에,NEUE
누트,NEUTE
뉴메이슨,NEW MAISON
뉴얼린,NEWALRIN
나이스웨더,NICE WEATHER
니키,NICI
닉기어,NICK GEAR
닉앤니콜,NICK&NICOLE
닉켈하우스,NICKELHOUSE
니어 노어,NIIER NOR
나인틴프라이데이,NINETEENFRIDAY
님랩,NINM Lab
어쩔수가없다,NO OTHER CHOICE
노엘,NO:EL
노보루,NOBORU
노드,NOD
노디,NODI
노엘라이즈브레이브,NOELLA IS BRAVE
노매뉴얼,NOMANUAL
논플로어,NON FLOOR
논파킹,NONPARKING
노르딕슬립,NORDIC SLEEP
NOS7,NOS7
낫 가나 라이,NOT GONNA LIE
낫노잉,NOT KNOWING
낫뉴,NOT NEW
누누,NOUNOU
누아트스튜디오,NUARTSTUDIO
누다라,NUDARA
누이비,NUEEVY
넘버링,NUMBERING
누녹,NUNOK
누핍,NUPIP
엔와이엑스엑스,NYXX
나체,Nache
나가노,Nagano
나미아스,Nahmias
나마체코,Namacheko
넴투템,Name to Tame
멀버리,Mulberry
멀버리 빈티지,Mulberry Vintage
머슬암드,Muscle Armed
무신사 스탠다드,Musinsa Standard
마이 네임 이즈 피터,My Name Is Peter
마이 리얼 트립,My Real Trip
마이키타,Mykita
미헤브,mihev
미니키,minikey
에메모가든,mmogarden
미니멀페어,mnmpair
모이프,moif
모노리스,mono_ess
모피,mophie
모어모르,moremorr
미하라 야스히로,Mihara Yasuhiro
미스타,Miista
미꼬,Miko
마일러 러닝,Miler Running
밀리터리 서플러스,Military Surplus
밀레,Millet
밀로 아카이브,Millo Archive
미니 로디니,Mini Rodini
미니소,Miniso
미닛뮤트,Minitmute
마이너리티,Minority
미스치프,Mischief
미세키서울,Miseki seoul
미소페,Misope
미쏘마,Missoma
미스테이크 프로젝트,Mistake project
미첼앤네스,Mitchell & Ness
미테르,Miter
미우 미우,Miu Miu
미우미우 빈티지,Miu Miu Vintage
미즈노,Mizuno
미키 미유키 조쿠,Mki Miyuki Zoku
모엣 & 샹동,Moet & Chandon
몰스킨,Moleskine
몰튼 브라운,Molton Brown
몬치치,Monchhichi
몽클레르,Moncler
몽클레르 빈티지,Moncler Vintage
몬도,Mondo
몽플리쎄,Monplisse
몽벨,Montbell
몽블랑,Montblanc
몽블랑 빈티지,Montblanc Vintage
문부츠,Moon Boot
뭉구점 비건베이커리,Moonggoojeom
문스타,Moonstar
무레르,Moorer
무스너클,Moose Knuckles
무스 너클 빈티지,Moose Knuckles Vintage
모로칸 오일,Moroccan Oil
모스키노,Moschino
모스콧,Moscot
모쇼토이즈,Moshowtoys
모스키토 머더러스,Mosquito Murderers
모우,Mou
마운틴 하드웨어,Mountain Hardwear
마우스 브리더,Mouth Breeder
먹부츠,Muck Boots
머듈,Mudule
뮈글러,Mugler
마크 앤 로나,Mark & Lona
마카,Marka
마카웨어,Markaware
마크공,Markgong
마모트,Marmot
마르니,Marni
마르니 빈티지,Marni Vintage
마르셀,Marsell
마르셋,Marset
마샬,Marshall
마스포켓,Marspocket
마틴 로즈,Martine Rose
마루는 강쥐,Maru is a Puppy
마블컬렉션,Marvel Collection
메리시아,Marysia
메이슨 피어슨,Mason Pearson
마시모두띠,Massimo Dutti
마스터앤다이나믹,Master & Dynamic
마스터마인드,Mastermind
마수,Masu
마뗑킴,Matin Kim
마우이 짐,Maui Jim
막스마라,Max Mara
막스마라 빈티지,Max Mara Vintage
맥라렌 레이싱,McLaren Racing
맥도도,Mcdodo
미 이세이 미야케,Me Issey Miyake
메디콤 토이,Medicom Toy
메디큐브,Medicube
메듀즈,Meduse
메가하우스,Megahouse
메가네플라워,Meganeflower
멜리사,Melissa
메모,Memo
멘탈 애슬레틱,Mental Athletic
냐한남자,Meow Man
메르세데스 AMG 페트로나스,Mercedes AMG Petronas
메르시,Merci
머지,Merge
멀로,Merlot
머렐,Merrell
머트라,Mertra
메타,Meta
메타 코미디 어패럴,Meta Comedy Apparel
메트로 스튜디오,Metro Studio
메트로시티,Metrocity
마이클 코어스,Michael Kors
마이크로소프트,Microsoft
미도,Mido
미피,Miffy
모로모로,MOROMORO
모트,MOTT
무부,MOU VOUS
모이나 빈티지,MOYNAT Vintage
엠에스지엠,MSGM
MSR,MSR
무센트,MUCENT
무인양품,MUJI
뮬보이,MULEBOY
뮈르뮈르,MURMURE
뮤즈무드,MUSEMOOD
무성화,MUSEONGHWA
무직타이거,MUZIK TIGER
MXL,MXL
미스테페넘,MYSTEPHENM
맥카지,Mackage
매드 락,Mad Rock
메이드원,MadeWorn
매드해피,Madhappy
마가렛 호웰,Magaret Howell
마젠타 스케이트보드,Magenta Skateboards
매직 더 개더링 TCG,Magic The Gathering TCG
마지스,Magis
마리아노,Magliano
마하그리드,Mahagrid
메종 클레오,Maison Cleo
메종 프란시스 커정,Maison Francis Kurkdjian
메종 키츠네,Maison Kitsune
메종키츠네 빈티지,Maison Kitsune Vintage
메종 마르지엘라,Maison Margiela
메종마르지엘라 빈티지,Maison Margiela Vintage
마쥬,Maje
메이크업 포에버,Make Up For Ever
메이크온,Makeon
말본 골프,Malbon Golf
멜린앤게츠,Malin+Goetz
마망에필레,Maman et Fille
만다리나덕,Mandarina Duck
만두카,Manduka
맨하탄레코즈,Manhattan Records
마놀로 블라닉,Manolo Blahnik
마놀로 블라닉 빈티지,Manolo Blahnik Vintage
마누 아틀리에,Manu Atelier
매니어리틀,Many a Little
마크 제이콥스,Marc Jacobs
마르디 메크르디,Mardi Mercredi
마가린핑거스,Margarin Fingers
마리메꼬,Marimekko
마린 세르,Marine Serre
마리떼 프랑소와 저버,Marithe Francois Girbaud
맥,MAC
마크니,MACNI
매들리 메들리,MADLY MEDLEY
매직캔,MAGIKAN
메인부스,MAINBOOTH
메종 드 사브레,MAISON de SABRE
마무트,MAMMUT
맨프롬이스트,MANFROMEAST
마르코,MARCO
마르티넬리루체,MARTINELLI LUCE
마블  | KBL 컬렉션,MARVEL | KBL Collection
매쉬,MASH
마스마룰즈,MASMARULEZ
마와,MAWA
맥서,MAXER
메이홉,MAYHOPE
마지언타이틀,MAZIUNTITLED
마찌,MAZZZZY
MCM,MCM
메아,MEA
미디어(82),MEDIA(82)
멜로우,MELLOW
멜로즈샵,MELOSE SHOP
미나수,MENASOO
메르디센트,MERDESCENT
메리디안 오디오,MERIDIAN AUDIO
메스 서울,MESS:SEOUL
미애,MIAE
미학,MIHAK
미호미두,MIHOMIDU
밀로 우먼,MILLO WOMEN
엠아이엠,MIM
마인드오버바디,MIND OVER BODY
미네랄 스튜디오,MINERAL STUDIO
미니덕트,MINIDUCT
민킴호,MINKIMHO
미노항 코리아,MINOHAN KOREA
미놀타 빈티지,MINOLTA Vintage
미수아바흐브,MISU A BARBE
미와이후,MIYHOO
엠제이디,MJD
엠엘비,MLB
MM6 메종 마르지엘라,MM6 Maison Margiela
엠엠아이씨,MMIC
엠엔에이치,MNH
목가,MOCKGA
무드나잇,MOODNIGHT
문선,MOONSUN
문츠 바베큐,MOONTS BBQ
모리쉬,MOREISH
루이까또즈,Louis Quatorze
루이비통,Louis Vuitton
루이비통 빈티지,Louis Vuitton Vintage
루이스 미샤,Louise Misha
로우클래식,Low Classic
로바,Lowa
루아르,Luar
루프트맨션,Luft Mansion
룰루레몬,Lululemon
루미녹스,Luminox
루나 샌들,Luna Sandals
루쏘 클라우드,Lusso Cloud
러브이즈트루,Luvistrue
레인레임,lainlame
라라미미,lalameemee
래쉬아이웨어,lasheyewear
르꼬끄 스포르티브,le coq sportif
러브미몬스터,lovememonster
라 프레리,La Prairie
라 로슈 포제,La Roche Posay
라르비,Laarvee
랩 시리즈,Lab Series
라브로스,Labros
람로프,Lamrof
랑콤,Lancome
랑방,Lanvin
라플라,Lapla
라르디니,Lardini
래쉬,Lash
라스트리조트 에이비,Last Resort AB
로라스타,Laurastar
론 체어,Lawn Chair
르라보,Le Labo
르티그레,Le TIGRE
르무통,LeMouton
렛저,Ledger
리,Lee
엘이이와이,Leey
레고,Lego
라이카,Leica
라이카 빈티지,Leica Vintage
르메르,Lemaire
르메르 빈티지,Lemaire Vintage
레노버 리퍼비시,Lenovo Refurbished
레오폴드,Leopold
레스포색,Lesportsac
레터앤,Letterand
리바이스,Levi's
렉슨,Lexon
리닝,LiNing
리버티워코,Libertiworko
링크 오리지널 메이커스,Linc Original Maker
린다 페로우,Linda Farrow
리사 마리 페르난데즈,Lisa Marie Fernandez
리터로봇,Litter Robot
리즈 리사,Liz Lisa
로딩룸,Loadingroom
루에브르,Loeuvre
로에베,Loewe
로에베 빈티지,Loewe Vintage
로지텍,Logitech
런던 베이글 뮤지엄,London Bagel Museum
런던 트레디션,London Tradition
롱샴,Longchamp
론진,Longines
로어즈,Lores
로로 피아나,Loro Piana
로로피아나 빈티지,Loro Piana Vintage
록시땅,L'Occitane
엘엘빈,L.L.Bean
라부르켓,L:a Bruket
랩트웰브,LAB TWELVE
라코스테,LACOSTE
라멜린,LAMELIN
랜 아카이브,LAN ARCHIVE
랑방 빈티지,LANVIN Vintage
라피타,LAPITTA
라벤햄,LAVENHAM
레이지스튜디오,LAZY STUDIOS
레이지지,LAZYZ
르마스크,LE MASQUE
르 뻬흐,LE PERE
르세라핌,LE SSERAFIM
르세라핌 공식 상품,LE SSERAFIM OFFICIAL MERCH.
르917,LE17SEPTEMBRE
리드볼트,LEAD VAULT
르아브,LEARVE
리이제,LEEJAE
레하,LEHA
레만글라스,LEHMANN GLASS
렐보브라운,LELBOBROWN
레노버,LENOVO
르젠,LEZEN
리버풀 FC,LFC KOREA
엘지,LG
엘지 리퍼비시,LG Refurbished
엘지 트윈스 컬렉션,LG TWINS Collection
엘지 트윈스 x 블루밍테일,LG TWINS x Bloomingtale
LG트윈스 x 마루는강쥐,LG TWINS x Maru is a Puppy
LG 트윈스,LG Twins
리투,LI2
리베레,LIBERE
리빌리,LIBILLY
링크서울,LINK SEOUL
리벳,LIVET
리브제,LIVJET
리지,LLEGE
엘엘에스,LLS
록히드마틴,LOCKHEED MARTIN
로파서울,LOFA SEOUL
로스트가든,LOSTGARDEN
라츠유,LOTS YOU
LP & CD,LP & CD
엘티티티,LTTT
루단,LU'UDAN
루메나,LUMENA
러브러브러브,LUVLUVLUV
라 메르,La Mer
코토부키야,Kotobukiya
쿠보라움,Kuboraum
금강제화,Kumkang
쿠시코크,Kusikohc
광주요,KwangJuYo
권진아 x 사파리스팟,Kwon Jin Ah x Safarispot
키크,keek
케이크,keike
키미저리,keymisery
키류,kiryu
키요이,kiyoi
카락터,Karactor
까란다쉬오피스,Karandash Office
캐주얼 메뉴얼,Kasual Manual
카우스,Kaws
케즈,Keds
킨,Keen
케누,Keh Noo
겐조,Kenzo
겐조 빈티지,Kenzo Vintage
케라스타즈,Kerastase
키버즈,KeyBudz
케이트,Khaite
칵,Khak.
카키스,Khakis
카이,Khy
키노,Ki-No
기아 타이거즈,Kia Tigers
키즈 오브 이미그랜트,Kids Of Immigrants
키엘,Kiehl's
키아세,Kiiace
키지마 타카유키,Kijima Takayuki
키코 코스타디노브,Kiko Kostadinov
킬리안,Kilian
킴스 프레시 코튼 마켓,Kims Fresh Cotton Market
김씨네과일,Kims Fruits
킨치,Kinchi
카인다바이트,Kindabite
키플링,Kipling
키스,Kith
키톤,Kiton
키티 버니 포니,Kitty Bunny Pony
키움 히어로즈,Kiwoom Heroes
꽃돌이네,Kkotdori
클라터뮤젠,Klattermusen
니티드,Knitted
낙어라운드,Knockaround
놀,Knoll
노티드,Knotted
노우웨이브,Knowwave
노울스,Knwls
코닥,Kodak
코닥 빈티지,Kodak Vintage
코오롱 스포츠,Kolon Sport
컬러비콘,Kolor Beacon
꼬모드빈티지,Kommod Vintage
콩제슬래드,Konges Sløjd
쿵야레스토랑즈X손오공,Koongya Restaurantz X Sonogong
대한항공,Korean Air
코사스,Kosas
코스,Koss
질스튜어트 뷰티,Jillstuart Beauty
질스튜어트 맨 액세사리,Jillstuart Men's Acc
지미추,Jimmy Choo
지미추 빈티지,Jimmy Choo Vintage
지용 킴,Jiyong Kim
지용킴 x 삼성,JiyongKim x Samsung
조 말론,Jo Malone
조안 코넬라,Joan Cornella
졸리레이드,Jolielaide
주씨,Joocyee
주피터,Joopiter
조던,Jordan
조셉앤스테이시,Joseph & Stacey
조브스,Jovs
주디돌,Judydoll
주술회전,Jujutsu Kaisen
준느,Junne
준야 와타나베,Junya Watanabe
쥬라기공원 TCG,Jurassic Park TCG
지구인샵,jigooinshop
지소쿠리클럽,jisokuryClub
제이에스티나,J.Estina
J.L-A.L,J.L-A.L
제이린드버그,J.Lindeberg
재하,JAEHA
제이비엘,JBL
장네론라귀올,JEAN NERON LAGUIOLE
장 미셸 바스키아: 과거와 미래를 잇는 상징적 기호들,JEAN-MICHEL BASQUIAT
제니퍼룸,JENNIFEROOM
예루살렘 샌들,JERUSALEM SANDALS
JJJ자운드,JJJJound
조거쉬,JOEGUSH
졸린,JOLYN
조셉앤스테이시,JOSEPH&STACEY
조셉트,JOSEPHT
조이트론,JOYTRON
준태킴,JTK ARTISANAL
JTO 오리지널스,JTO Originals
정도,JUNGDO
정희진도자기,JUNGHEEJIN CERAMIC
정미소,JUNGMISO
준희,JUNHEE
준수이,JUNSUI
쥬키프,JUUKIFF
준지,JUUN.J
제이브이씨 빈티지,JVC Vintage
JW 앤더슨,JW Anderson
제이콥 앤 코,Jacob & Co
자크뮈스,Jacquemus
자크뮈스 빈티지,Jacquemus Vintage
자크마리마지,Jacques Marie Mage
제이디드 런던,Jaded London
예거 르쿨트르 빈티지,Jaeger Lecoultre Vintage
자고류,Jagoryu
제임스 펄스,James Perse
잔스포츠,Jansport
장 폴 고티에,Jean Paul Gaultier
지프,Jeep
제라도,Jelado
젤리캣,Jellycat
젤리업,Jellyup
전북 현대 모터스,Jeonbuk Hyundai Motors
전남 드래곤즈,Jeonnam Dragons
쥬얼리.곽,Jewelry.Kwak
지안 예,Jian Ye
지초이,Jichoi
지에다,Jieda
질 샌더,Jil Sander
질 샌더 빈티지,Jil Sander Vintage
질바이질스튜어트,Jill by Jillstuart
질스튜어트 액세사리,Jillstuart Acc
아이 엠 지아,I Am Gia
아이앱 스튜디오,IAB Studio
아이엠더퓨처,IAMTHEFUTURE
아이디에이,IDA
아이디어,IDEA
이케아,IKEA
일광전구,ILKW
일품진로,ILPOOM JINRO
이메텍,IMETEC
이니미니,INIMINI
잉코,INKO
이노메싸,INNOMETSA
인세인 개러지,INSANE GARAGE
인스아울,INSEOWL
인센스,INSSENSE
인스턴트펑크,INSTANTFUNK
국제표준금거래소,INTERNATIONAL STANDARD GOLD
이누이키,INUIKII
이세계 페스티벌,ISEGYE FESTIVAL
이스트쿤스트,ISTKUNST
잇츠마이휴머,ITSMYHUMOR
아이더블유씨 빈티지,IWC Vintage
이소,IYSO
아이시토,Icyto
아이당 클럽,Idang Club
옌키 옌키,Ienki Ienki
이엔키 이엔키 빈티지,Ienki Ienki Vintage
이프엘스,If Else
이그노타,Ignota
일부세토,Il Bussetto
일러스트코리아,Illustration Korea
인케이스,Incase
인덱스앤코,Index&Co.
잉거솔,Ingersoll
이니어,Innir
인스크리어,Inscrire
인사일런스,Insilence
이로,Iro
아이언슈타인,Ironstein
이자벨 마랑,Isabel Marant
이자벨 마랑 빈티지,Isabel Marant Vintage
아일랜드 슬리퍼,Island Slipper
이세이미야케 빈티지,Issey Miyake Vintage
아이썸머리,Isummerly
이우가마카라스,Iugamakaras
아임도넛,i'm donut
아이피타임,ipTIME
잇츠쿨띵,itiscoolthing
호간,Hogan
호카,Hoka
홀츠베일러,Holzweiler
홈쎄라,Homethera
옴므걸스,Homme Girls
옴므 플리세 이세이 미야케,Homme Plisse Issey Miyake
홈리스,Hommless
혼다 모터사이클 어패럴,Honda Motorcycle Apparel
허니스쿱하우스,Honey Scoop House
혼쿄,Honkyo
호노 리포트,Hono Report
오너 더 기프트,Honor the Gift
혼스비,Honsby
홀리선,Horlisun
혼 가먼트,Horn Garment
핫핸즈,Hot Hands
핫토이,Hot Toys
핫 휠,Hot Wheels
아워글래스,Hourglass
하우스오브헤리티지,House of Heritage
하우스 오브 써니,House of Sunny
휴스턴 재팬,Houston Japan
하울린,Howlin
위블로 빈티지,Hublot Vintage
휴이,Huey
휴고 보스,Hugo Boss
휴먼앤캣,Human & Cat
휴먼 메이드,Human Made
헌터,Hunter
훈자 지,Hunza G
에이치엑스오 디자인,Hxo Design
히아신,Hyacyn
혜인 서,Hyein Seo
하이크,Hyke
하입클로딩,Hype Clothing
하이퍼라이트 마운틴 기어,Hyperlite Mountain Gear
히스테릭 글래머,Hysteric Glamour
헤레시,heressy
호스트네임이즈,host name is
허그유어스킨,hugyourskin
후와후와,huwhahuwha
에이치앤엠,H&M
H.쿠모리,H.KOUMORI
하이어뮤직레코즈,H1GHR MUSIC RECORDS
하이큐!!,HAIKYU!!
한글,HANGLE
햅,HAP
하루타,HARUTA
하울스홈,HAULSHOME
해브레스,HAVELESS
해브오프듀티,HAVEOFFDUTY
에이치덱스,HDEX
헤비레인,HEAVY RAIN
헬로 키티 블랙시리즈,HELLO KITTY BLACK SERIES
헬로키티 x 지수,HELLO KITTY x JISOO
헤리티지,HERITAGE
헤더먼트,HETHERMENT
헤이! 미스터트러커,HEY! MR.TRUCKER
헤이스트,HEYSTE
HGBB 스튜디오,HGBB Studio
하이테크 서울,HIGH-TECH SEOUL
하이라이트픽,HIGHLIGHT PICK
하이타이드 프랭키,HIGHTIDE FRANKIE
힙합플레이야 페스티벌,HIPHOPPLAYA FESTIVAL
히스헤지스,HIS HAZZYS
히타치 빈티지,HITACHI Vintage
하비 코리아,HOBBY KOREA
허니플라밍고,HONEY FLAMINGO
홍우성,HONGWOOSUNG
홉티미스트,HOPTIMIST
호수호수,HOSUHOSU
호텔세리토스,HOTEL CERRITOS
하우위,HOWIE
하울팟,HOWLPOT
HRTM,HRTM
에이치태,HTAE
허프,HUF
허거머거,HUGGERMUGGER
비스크,HVISK
하이브 x 누깍 업사이클링 상품,HYBE x Nukak Upcycling Merch.
하이크라,HYCRA PERFORMANTE
하이드로겐,HYDROGEN
하이투,HYII
헤일로,HYLO
힙노타이즈,HYPNOTIZE
헤이그,Haag
하글로프스,Haglofs
하이,Hai
백산안경,Hakusan Megane
알렌느,Haleine
해밀턴,Hamilton
그린 신드롬,Green Syndrome
그레고리,Gregory
그립스와니,Grip Swany
그루버,Groover
그라운즈,Grounds
그로브,Grove
구찌,Gucci
구찌 빈티지,Gucci Vintage
규파드,Guepard
겔랑,Guerlain
건지울른스,Guernsey Woollens
게스 USA,Guess USA
게스트 인 레지던스,Guest In Residence
구이디,Guidi
귀조,Guizio
건담 TCG,Gundam TCG
구루스 슈즈,Gurus Shoes
경,Gyeong
짐샤크,Gymshark
거니,g0nny
글리밉,gleameep
글리머,glimmer
글로우,glow
젠지,Gen.G
제너럴 일렉트릭 빈티지,General Electric Vintage
원신,Genshin
젠틀 몬스터,Gentle Monster
게트리,Getri
지아리테,Giarite
기마구아스,Gimaguas
조르지오 아르마니,Giorgio Armani
조르지오 아르마니 빈티지,Giorgio Armani Vintage
제라드 페리고 빈티지,Girard Perregaux Vintage
걸,Girl
쥬세페자노티,Giuseppe Zanotti
쥬세페자노티 빈티지,Giuseppe Zanotti Vintage
지방시,Givenchy
지방시 빈티지,Givenchy Vintage
글라슈테 빈티지,Glashutte Vintage
글레스,Gless
글리터박스 서울,Glitterbox Seoul
글로벌 비전,Global Vision
글로브 트로터,Globe Trotter
글루미 베어,Gloomy Bear
글로시에,Glossier
글로시,Glossy
글로니,Glowny
글맆,Glyf
글리닛,Glynit
누어,Gnuhr
고프로,GoPro
골 스튜디오,Goal Studio
골제로,Goalzero
금,Gold
골든 듀,Golden Dew
골든구스,Golden Goose
골든구스 빈티지,Golden Goose Vintage
골드윈,Goldwin
골프왕,Golf Wang
굿뉴스,Good News
굿스마일컴퍼니 by PW,Good Smile Company by PW
구더,Goodr
구글,Google
고샤 루브친스키,Gosha Rubchinskiy
고야드,Goyard
고야드 빈티지,Goyard Vintage
그라픽,Grafik:
그라미치,Gramicci
그랜드 세이코,Grand Seiko
그랜드세이코 빈티지,Grand Seiko Vintage
그라프페이퍼,Graphpaper
그라더스,Grds
그레이트 드리머,Great Dreamer
지드래곤,G-DRAGON
지스킬,G.Skill
지포어,G/Fore
갤럭시,GALAX
가비지타임,GARBAGE TIME
지비에이치 어패럴,GBH APPAREL
지비에이치 코스메틱,GBH COSMETIC
지비에이치 홈,GBH HOME
GCDS,GCDS
긱스타,GEEKSTAR
제너럴아이디어,GENERAL IDEA
제네바,GENEVA
지에이치 바스,GH BASS
길라아카이브,GILAARCHIVE
길단,GILDAN
김미더영,GIMMETHEYOUNG
"기브 어 핸드,테이크 어 핸드","GIVE A HAND,TAKE A HAND"
글로썸,GLOSOME
고다신,GODASHIN
고엔제이,GOEN.J
고고르르,GOGORR
골드팝콘,GOLD POPCON
골드팡,GOLDPANG
곤히,GONHEE
구비스,GOOVIS
고트,GORT
집에가야돼,GOTTAGOHOME
GR10K,GR10K
그래그,GRAGG
그레일즈,GRAILZ
그라퍼리즈,GRAPHERIES
그린버터,GREEN BUTTER
그라운드시소,GROUNDSEESAW
GU,GU
게스,GUESS
구월십일,GUWOLSIBIL
귤메달,GYULMEDAL
갤러리 디파트먼트,Gallery Dept.
가네샤 요가 프랍스,Ganesha Yoga Props
가니,Ganni
가니 빈티지,Ganni Vintage
간조,Ganzo
갭,Gap
가든익스프레스,Garden express
가민,Garmin
가렛 라이트,Garrett Leight
가루하루,Garuharu
가스프,Gasp
게더레이지,Gatherlazy
긱스 룰,Geeks Rule
후류,FuRyu
퍼킹 어썸,Fucking Awesome
퍽댓너드샵,Fuckthatnerdshop
퍽트,Fuct
퍼글러,Fuggler
후지필름,Fujifilm
풀오브썬,Full of Ssun
풀카운트,Fullcount
퓨너럴 포 어 프렌드,Funeral for a friend
퓨추라 래버러토리,Futura Laboratories
퓌,Fwee
페르커,ferker
프룻오브더룸,fruitoftheloom
페라가모,Ferragamo
페라가모 빈티지,Ferragamo Vintage
페치,Fetch
Fff포스탈서비스,Fffpostalservice
피단 노브루조바,Fidan Novruzova
필더스,Fielders
필슨,Filson
파이널마우스,Finalmouse
핏빗,Fitbit
피엘라벤,Fjallraven
플래그스터프,Flagstuff
플랫웨이브,Flatwave
플립벨트,FlipBelt
플로스,Flos
플라워노즈,Flower Knows
플로이드,Floyd
플러피시트러스,Fluffycitrus
포칼,Focal
포체,Foce
포커스라이트,Focusrite
폴리,Foli
포크 바이 앤,Folk/N
퐁다시옹 까르띠에,Fondation Cartier
포어필,For Appeal
포비치스,Forbitches
포스센스티브,Force Sensitive
포레오,Foreo
포멘트,Forment
파슬,Fossil
포츠포츠,Fottsfotts
파운드 포켓,Found Pocket
파운드리 뮤즈,Foundry Mews
프라그먼트,Fragment
프레임 서울,Frame Seoul
프랭크 뮬러 빈티지,Franck Muller Vintage
프랭키스 비키니,Frankies Bikinis
프릭스 스토어,Freak's Store
프레드,Fred
프레드 페리,Fred Perry
프레드 빈티지,Fred Vintage
프레드 프라이빗 트레블,Frede Private Travel
프레데릭 말,Frederic Malle
프레드릭 콘스탄트,Frederique Constant
프리앤이지,Free & Easy
프라이탁 부티크,Freitag Boutique
프레쉬,Fresh
프레쉬 서비스,Fresh Service
프레시안,Freshian
프라그먼트 미니,Frgmt Mini
프리카,Frica
파버,FABEUR
파나틱스,FANATICS
FC 안양,FC Anyang
FC 바르셀로나,FC BARCELONA
에프씨엠엠 스포츠,FCMM SPORT
펠로우,FELLOW
페슈라,FESSURA
프루아,FFROI
프루아 트래블러,FFROI Traveller
휠라,FILA
필인더블랭크,FILLINTHEBLANK
파인드카푸어,FINDKAPOOR
핏플랍,FITFLOP
플레이버리즘,FLAVORISM
플로즈룸,FLAWSROOM
플레따,FLETTA
플라이디지,FLYDIGI
포허,FOR HER
포뷰트,FORBEAUT
프라포투투,FRA422
프라프랍,FRAFRB
프랭클리,FRANKLY
프리월드오더,FREE WORLD ORDER
프리퀀터,FREQUENTER
프리터,FRITUR
프론투라인,FRONT2LINE
후지필름 빈티지,FUJIFILM Vintage
풀티,FULLTY
후미토 간류,FUMITO GANRYU
펀포지,FUNFORGE
파비아나 필리피 빈티지,Fabiana Filippi Vintage
파브리카,Fabricar
파사드 패턴,Facade Pattern
팩토리900,Factory900
페이크미,Fakeme
페이키,Fakiii
패밀리마트,FamilyMart
팬시클럽,Fancy Club
파프롬왓,Farfromwhat
파르벵,Farven
파쉬,Fashy
에프씨엠엠,Fcmm
피어 오브 갓,Fear of God
페더다운,Featherdown
페더드 프렌즈,Feathered Friends
펜디,Fendi
펜디 빈티지,Fendi Vintage
펑쉐이,Fengshui
페넥,Fennec
펜티 뷰티,Fenty Beauty
에핑글러,Epingler
이피알 레이어,Epr. Layer
에르마노 설비노 빈티지,Ermanno Scervino Vintage
에스엔에스 월드와이드,Esenes Worldwide
에스피오나지,Espionage
에센셜,Essentials
에스티 로더,Estee Lauder
에테르 생츄어리,Ether Sanctuary
에트로,Etro
에뛰드 스튜디오,Etudes Studio
에반게리온95,Evangelion95
에비수,Evisu
엑스니힐로,Ex Nihilo
엑셀시오르,Excelsior
익스프레스 홀리데이,Express Holiday
아이반,Eyevan
이티스,Eytys
이에스,eS
어프어프,earpearp
이스트서비스샵,eastserviceshop
이음,eeum
에모스탠스클럽,emostanceclub
이모티브,emotive
이알에스코,ersco
에브리원,everyone
E5 아이반,E5 eyevan
EA7,EA7
이아,EAAH
얼리너,EARLINER
이스턴에디션,EASTERN EDTITION
이스트팩,EASTPAK
잇포레스트,EATFORREST
에크라손,ECRZN
에디파이어,EDIFIER
에딩,EDING
엔드릭스,EDLIX
잉크,EENK
이어스트,EERST
이고지고 그룹,EGOZGO GROUP
이뮤,EMEW
이뮤,EMU
엔오르,ENOR
이오에이,EOA
이오유,EOU
이오더블유,EOW
에포크엑스,EPOCH-X
엡손,EPSON
앱손 빈티지,EPSON Vintage
에르에르,ERER
얼이스트,ERIIST
ERL,ERL
에르 바이 에러리스트,ERR BY ERRORIST
에러뉴욕,ERRORNYC
이알티알,ERTR
이스케이프프롬,ESCAPEFROM
이티씨이,ETCE
이브롬,EVE LOM
이스트로그,Eastlogue
에코,Ecco
에크하우스 라타,Eckhaus Latta
에코베슬,Ecovessel
에드워드 커밍,Edward Cuming
이펙터,Effector
아이더,Eider
엘리먼트,Element
엘프엘프엘프 아카이브스,Elfelfelf Archives
이미스,Emis
엠포리오 아르마니,Emporio Armani
엔즈앤드민스,Ends and Means
에너자이즈 랩,Energize Lab
앙팡 리쉬 데프리메,Enfants Riches Deprimes
엔지니어드 가먼츠,Engineered Garments
엔노이,Ennoy
이너프원,EnoughOne
엔타이어스튜디오,Entire Studios
디스커버리 익스페디션,Discovery Expedition
디즈니 미키&프렌즈,Disney MICKEY&FRIENDS
디스트릭트 비전,District Vision
돌체 앤 가바나,Dolce & Gabbana
돌라바,Dollava
돔 페리뇽,Dom Pérignon
돈 훌리오,Don Julio
돈애스크마이플랜,Don’t Ask My Plan
두산 베어스,Doosan Bears
두산베어스 X 사파리스팟,Doosan Bears x Safarispot
도씨,Dossy
더블알엘,Double RL
디플러스 기아,Dplus Kia
닥터마틴,Dr. Martens
드래곤볼 슈퍼 카드 게임,Dragon Ball SCG
드래곤 디퓨전,Dragon Diffusion
드래곤볼,Dragonball
드레익스,Drake's
드림씨앤씨,Dream C&C
드림웍스,Dreamworks
드류 하우스,Drew House
드리스 반 노튼 빈티지,Dries Van Noten Vintage
드로게리아 크리베리니,Drogheria Crivellini
드롤 드 무슈,Drole de Monsieur
디스퀘어드2,Dsquared2
듀얼소닉,Dualsonic
듀얼마스터즈 TCG,Duel Masters TCG
두노,Duno
던스트,Dunst
더스트앤데이터,Dust and Data
듀베티카,Duvetica
다이나핏,Dynafit
다이슨,Dyson
달바,d'Alba
닷지툴,dadgetool
도이터,deuter
도키도키,dokidoki
디와이도샵,dydoshop
데일리샷,DailyShot
다이리쿠,Dairiku
다이와 피어39,Daiwa Pier39
달모어,Dalmore
농담곰,Damgome
다미아니,Damiani
다미아니 빈티지,Damiani Vintage
데이먼스 이어,Damons year
다니엘 아샴,Daniel Arsham
다니엘 웰링턴,Daniel Wellington
다니엘 트루스,Daniel's Truth
단톤,Danton
다얼유,Dareu
다크룸 스튜디오,Darkr8m Studio
달링유어배드,Darling You're Bad
데이지크,Dasique
다비네스,Davines
드롱기,De'Longhi
데들리 돌,Deadly Doll
디어 마이 러브,Dear My Love
디셈버텐,December Ten
데코르테,Decorte
딥퍼랑스,Deep;erence
데비 앤드,Dehvee And
다이닛,Deinet
델보,Delvaux
델보 빈티지,Delvaux Vintage
디마르,Demar3
데몬,Demon
귀멸의 칼날,Demon Slayer: Kimetsu no Yaiba
데님 티어스,Denim Tears
데논,Denon
덴버앤릴리,Denver & Liely
데상트,Descente
데스트리,Destree
명탐정 코난,Detective Conan
데우스 엑스 마키나,Deus Ex Machina
데베시용,Deviation
디아블로 4,Diablo IV
다이아몬드 레이라,Diamond Layla
디키즈,Dickies
디에메,Diemme
디젤,Diesel
디젤 빈티지,Diesel Vintage
디미토,Dimito
디미트리블랙,Dimitri Black
디올,Dior
디올 빈티지,Dior Vintage
딥티크,Diptyque
더디,Dirddy
디뮤지엄,D MUSEUM
도르세,D'Orsay
디벡,D-VEC
대림미술관,DAELIM MUSEUM
담손 매더,DAMSON MADDER
댄꼼마,DANCOMMA
단델,DANDEL
다농바이오,DANONG BIO
다룸,DAROOM
다비드 아발론,DAVID AVLN
던다운,DAWNDOWN
디씨,DC
드비저리,DE BEJARRY
드마스,DE MARS
드뽀,DEBBO
데뷔옹,DEBBY OUNG
데카트론,DECATHLON
디파인,DEFINE
데피니브,DEFINIV
디파이클럽로버스,DEFYCLUBROBBERS
뎁크,DEPC
델코퍼,DER KOFFER
드비알레,DEVIALET
디야니,DHYANI
디아도라,DIADORA
디프런티스,DIFFERENTIS
디지몬 어드벤처,DIGIMON ADVENTURE
더트냅,DIRT NAP
디스클로즈,DISCLOSE
디스커버드,DISCOVERED
디타,DITA
DJI,DJI
드니니,DNINI
디앤에스알,DNSR
돌체구스토,DOICE-GUSTO
두잉왓,DOINGWHAT
도미넌트,DOMINANT
돈포겟미,DONTFORGETME
도파민 디저트,DOPAMIN DESSERT
도레도레,DOREDORE
더블래버레토리,DOUBLELABORATORY
디에스앤더가,DS&DURGA
디에스엠티,DSMT
디유,DU
더트프로젝트,DUITPROJECT
듀플렉스,DUPLEX
드반,DVAN
다다,Dada
대동여주도,Daedongyeojudo
대원미디어,Daewonmedia
컴퓨터포맷,Computer Format
코너 아이브스,Conner Ives
컨버스,Converse
쿠키런 TCG,Cookie Run TCG
쿨레인 x 블리츠웨이,Coolrain x Blitzway
코페르니,Coperni
코드,Cord
코데라,Cordera
코로스,Coros
커세어,Corsair
코르테이즈,Corteiz
코스트퍼킬로,Cost per Kilo
코지모지,Cosymosy
쿠쿠 인티메이트,Cou Cou Intimates
쿠쿠수제뜨,Coucou Suzette
커리지 베이글,Courage Bagels
쿠론,Couronne
꾸레쥬,Courreges
카우북스,Cow Books
크래프트,Craft
짱구는 못말려,Crayon Shin Chan
크리쳐,Creature
크리드,Creed
크렙 프로텍트,Crep Protect
크록스,Crocs
크롭 샵 부티크,Crop Shop Boutique
크러쉬,Crush
크리스탈 헤이즈,Crystal Haze
큐물러스,Cumulus
큐레이티드 퍼레이드,Curated Parade
커런틀리 러닝,Currently Running
커스텀멜로우,Customellow
커틀러앤그로스,Cutler And Gross
시이닷,cedot
클로브,clove
클럿스튜디오,clut studio
컬러하우스,colorhouse
샹테카이,Chantecaille
챕터 오브 찬,Chapter of Chan
챕터엑스,Chapter.X
찰스앤키스,Charles & Keith
찰스 제프리 러버보이,Charles Jeffrey Loverboy
샬럿 틸버리,Charlotte Tilbury
쇼메,Chaumet
쇼메 빈티지,Chaumet Vintage
체리 LA,Cherry LA
치아헝 수,Chiahung Su
치이카와,Chiikawa
치미,Chimi
치폴로,Chipolo
끌로에,Chloe
끌로에 빈티지,Chloe Vintage
초콜릿,Chocolate
쇼파드,Chopard
쇼파드 빈티지,Chopard Vintage
지구방위대 후뢰시맨,Choushinsei Flashman
크리스찬 루부탱,Christian Louboutin
크리스찬 루부탱 빈티지,Christian Louboutin Vintage
크롬하츠,Chrome Hearts
크롬하츠 빈티지,Chrome Hearts Vintage
츄바스코,Chubasco
처치스,Church's
씨엘르 애슬레틱스,Ciele Athletics
싱코로,Cincoro
시오타,Ciota
시텐,Citen
시티즌,Citizen
씨비전 바이 씨에스씨,Civision by CSC
클라랑스,Clarins
클락스,Clarks
클락스 오리지널스,Clarks Originals
끌레드뽀,Cle de Peau
크리니크,Clinique
클럽맨 피노드,Clubman Pinaud
코치,Coach
코치 빈티지,Coach Vintage
콜한,Cole Haan
콜맨,Coleman
컬렉트 피시스,Collect Pieces
콜리,Colley
콜롬보 빈티지,Colombo Vintage
컬럼비아,Columbia
콤피 아웃도어 가먼츠,Comfy Outdoor Garment
꼼데가르송,Comme des Garcons
꼼데가르송 빈티지,Comme des Garcons Vintage
커먼 프로젝트,Common Projects
코모리,Comoli
코이세이오 038,COYSEIO 038
씨피티에스,CPTS
크래프트 디자인 테크놀로지,CRAFT DESIGN TECHNOLOGY
크래쉬배기지,CRASH BAGGAGE
크리미,CREAMY
크로우캐년,CROW CANYON
씨에스씨,CSC
쿠에른,CUEREN
컬트,CULT
커렌트,CURRENT
커버먼트,CVRMNT
CPFM,Cactus Plant Flea Market
캘리포니아 제너럴 스토어,California General Store
캘러웨이,Callaway
캘빈 클라인,Calvin Klein
캠버 유에스에이,Camber USA
카멜백,Camelbak
카미엘 포트젠스,Camiel Fortgens
캠퍼,Camper
캠프파이어 오디오,Campfire Audio
캐나다구스,Canada Goose
캐나다 구스 빈티지,Canada Goose Vintage
캐논,Canon
카드캡터 체리,Cardcaptor Sakura
카디널 레드,Cardinal Red
칼하트,Carhartt
칼하트 WIP,Carhartt WIP
카린,Carin
까르네 볼렌테,Carne Bollente
캐롤쇼페,Carol Shoppe
캐롤라인 후,Caroline Hu
캐롯츠,Carrots
까르띠에,Cartier
까르띠에 빈티지,Cartier Vintage
케이스티파이,Casetify
카시오,Casio
캐스토어,Castore
캐치! 티니핑,Catch! Teenieping
캐치! 티니핑 컬렉션,Catch! Teenieping Collection
카브엠트,Cav Empt
케일,Cayl
셀린느,Celine
셀린느 빈티지,Celine Vintage
셀퓨전씨,Cell Fusion C
첼로 바이크,Cello Bike
센텔리안24,Centellian24
세타필,Cetaphil
챔피온,Champion
샤넬,Chanel
샤넬 빈티지,Chanel Vintage
C.P. 컴퍼니,C.P. Company
캑터스도넛마켓,CACTUSDONUTMARKET
콜아웃뉴이어,CALL OUT NEW YEAR
캘릭스,CALYX
캠브리지 오디오,CAMBRIDGE AUDIO
캠브로,CAMBRO
캠퍼 랩,CAMPER LAB
캐논 빈티지,CANON Vintage
카포,CAPO
카드피아,CARDPIA
카고컨테이너,CARGO CONTAINER
카시오 빈티지,CASIO Vintage
캐치볼,CATCH BALL
카비시,CAVISH
CCS 토이즈,CCS Toys
CCU 레더,CCU Leather
CDG,CDG
시이안,CEEANN
센토르,CENTAUR.KR
CEP,CEP
시리츠,CERIZ
씨지에스,CGS
씨에이치투피,CH2P
챕터원,CHAPTER1
체리드라이버,CHERRY DRIVER
조우,CHOWOO
크로마키,CHROMA KEY
크로노펜,CHRONOPEN
시코,CICO
클래파,CLAPA
크레모아,CLAYMORE
씨엠에프 바이 낫싱,CMF BY NOTHING
코이리스,COIRIS
콜드웜,COLDWARM
꼴레꼴레,COLECOLE
꼴라주바캉스,COLLAGEVACANCE
콤포트,COMFORT
코뮨,COMMUNE
쿠키런: 킹덤,COOKIERUN: KINGDOM
코어오브알케미,COREOFALCHEMY
콕시클,CORKCICLE
코너블레스,CORNERBLESS
코스,COS
카치스,COTCHS
꼬떼시엘,COTE & CIEL
꼬떼,COTTE
꾸셀,COURCELLES
커버낫,COVERNAT
콕스,COX
코이세이오,COYSEIO
부첼라티,Buccellati
부디 무드라,Budhi Mudra
부포톡스,Bufotox
부가부,Bugaboo
불가리,Bulgari
불가리 빈티지,Bulgari Vintage
불레또,Bulletto
불리 1803,Buly 1803
분자부로,Bunzaburo
버버리,Burberry
버버리 빈티지,Burberry Vintage
부시로드,Bushiroad
부시로드 크리에이티브,Bushiroad Creative
부토라,Butora
버터앤쉘터,Butter&Shelter
부테로,Buttero
버즈 릭슨,Buzz Rickson's
바이파,By Far
바이레도,Byredo
뵤르,Bőr
베베케이스,bebecase
베드락 샌들,bedrock sandals
비왈츠,beewaltz
블랭크공삼,blank03
보니앤키예,bonienkiye
브레이크앤컴퍼니,break&company
버디,Birdie
버켄스탁,Birkenstock
벌스데이수트,Birthdaysuit
비쎌,Bissell
블랙 다이아몬드,Black Diamond
블랙 사인,Black Sign
블랙야크,Black Yak
블랑팡 빈티지,Blancpain Vintage
블렌드 스테이지,Blend Stage
블리츠웨이,Blitzway
블리자드,Blizzard
블루밍테일,Bloomingtale
블루보틀,Blue Bottle
블루 선플라워,Blue Sunflower
블루마린,Blumarine
블런트,Blunt
비마이,Bmai
바비 브라운,Bobbi Brown
보보쇼즈,Bobo Choses
보디,Bode
보헤미안 서울,Bohemian Seoul
보일러룸,Boiler Room
볼리아,Bolia
봄날엔,Bomnal&
봉주르 다이어리,Bonjour Diary
본네,Bonnae
보니 클라이드,Bonnie Clyde
보타나이즈,Botanize
보템,Botem
보테가 베네타,Bottega Veneta
보테가베네타 빈티지,Bottega Veneta Vintage
부쉐론,Boucheron
부쉐론 빈티지,Boucheron Vintage
바워스앤윌킨스,Bowers & Wilkins
브레인 데드,Brain Dead
브랜디 멜빌,Brandy Melville
브레이브스트 스튜디오,Bravest Studios
브레게 빈티지,Breguet Vintage
브라이틀링,Breitling
브라이틀링 빈티지,Breitling Vintage
브레오,Breo
브리츠,Britz
브로큰 플래닛,Broken Planet
브롬톤,Brompton
브룩스 브라더스,Brooks Brothers
브룩스 러닝,Brooks Running
브라운브레스,Brownbreath
브루넬로 쿠치넬리,Brunello Cucinelli
브루넬로 쿠치넬리 빈티지,Brunello Cucinelli Vintage
브린제,Brynje
버터플라이 스포츠웨어,BUTTERFLY SPORTSWEAR
바이랑,BY RANG
배드 블러드,Bad Blood
배드블루,BadBlue
바쿠,Baggu
발렌시아가,Balenciaga
발렌시아가 빈티지,Balenciaga Vintage
볼 앤 체인,Ball & Chain
발루트,Ballute
발리,Bally
발망,Balmain
발뮤다,Balmuda
밤볼레,Bambole
반다이,Bandai
밴딧 러닝,Bandit Running
뱅앤올룹슨,Bang & Olufsen
반프레스토,Banpresto
바오 바오 이세이 미야케,Bao Bao Issey Miyake
바라쿠타,Baracuta
바버,Barbour
베어본즈,Barebones
배리,Barrie
베이스레인지,Baserange
바스켓케이스,Basketcase
바움 운드 페르드가르텐,Baum und Pferdgarten
빔즈,Beams
빈폴,Beanpole
베어브릭,Bearbrick
베어브릭 오디오,Bearbrick Audio
비츠,Beats
뷰티풀피플,Beautiful People
비긴202,Begin202
벨킨,Belkin
벨로큐어,Bello Cure
벨지,Bellzi
벨스타프,Belstaff
벤 데이비스,Ben Davis
베네피트,Benefit
벤시몽,Bensimon
비프록셀,Beproccell
벨루티,Berluti
벨루티 빈티지,Berluti Vintage
베리즈,Berriz
버윅,Berwick
비와이,BewhY
베이어다이나믹,Beyerdynamic
비욘드클로젯,Beyond Closet
비비,Bibiy.
바이오던스,Biodance
비오템 옴므,Biotherm Homme
비앤비 이탈리아,B&B ITALIA
배드애스워시,BAD ASS WASH
발망 빈티지,BALMAIN Vintage
바나,BANA
버날 타이거,BANAL TIGER
반얀트리 풀 파티 2024,BANYANTREE POOL PARTY 2024
베이프,BAPE
베이스크림,BASECREAM
베이스어스,BASEUS
빵먹다살찐떡 x 오드원아웃,BBANGTHUG x ODDONEOUT
뽐떡볶이,BBOM
비빔프,BBiMP
빠더너스,BDNS
빠더너스 X 엘지 트윈스,BDNS X LG TWINS
빠더너스 × T1,BDNS × T1
베어파우,BEARPAW
비바프,BEBOF
비레이지 스튜디오,BELAZY STUDIO
비뮤즈 맨션,BEMUSE MANSION
벤큐,BENQ
베를린포토북디스트리뷰션,BERLIN PHOTOBOOK DISTRIBUTION
비비블하우스,BIBIBL HOUSE
빅웨이브 컬렉티브,BIGWAVE COLLECTIVE
빌라봉,BILLABONG
큐비찌,BITZEE
블레임스튜디오,BLAMESTUDIO
블랭코브,BLANKOF
블룬파리,BLOON PARIS
비엘알,BLR
블루엘리펀트,BLUE ELEPHANT
블루에어,BLUEAIR
블런드스톤,BLUNDSTONE
부이,BOOIE
분자,BOONZA
부즈앤버즈 미더리,BOOZE&BUZZ MEADRERY
본투윈,BORN TO WIN
보스,BOSE
부클리어,BOUCLIER
비피투디스오더,BP2DISORDER
브라운,BRAUN
브레드메이어,BREDEMEIJER
비알지,BRG
브로큰비트,BROKEN BEAT
브라운야드,BROWNYARD
브라운야드 밸런스,BROWNYARD BALANCE
배상면주가,BSM Brewery
비에스래빗,BSRABBIT
BT21 X 프라그먼트,BT21 X FRAGMENT
버빌리안,BUBILIAN
부오이,BUOY
알로코리아,allokorea
아루마루,arumaru
아토양조장,atto brewery
안예은,Ahn Yeeun
아이엘,Aieul
에메 레온 도르,Aime Leon Dore
아키코아오키,Akikoaoki
아킴보 클럽,Akimbo Club
아코니,Akoni
알라이아,Alaia
알라이아 빈티지,Alaia Vintage
알든,Alden
알도,Aldo
알렉스 조노,Alex Zono
알렉산더 맥퀸,Alexander McQueen
알렉산더 맥퀸 빈티지,Alexander Mcqueen Vintage
알렉산더 왕,Alexander Wang
알렉산더왕 빈티지,Alexander Wang Vintage
알리기에리,Alighieri
올 세인츠,All Saints
알레그리,Allegri
알테그리히,Alltaglich
알로 요가,Alo Yoga
알터,Alter
알트라,Altra
아마이유우츠,Amaiyuutsu
앰부쉬,Ambush
아메리칸니들,American Needle
아메리칸 옵티컬,American Optical
아미 빈티지,Ami Vintage
아미아칼바,Amiacalva
아메바컬쳐,Amoeba Culture
언 아더 데이트,An Other Date
아나스타샤 베버리힐즈,Anastasia Beverlyhills
안셀름,Ancellm
앤션트 그릭 샌들,Ancient Greek Sandals
안쿠타 사르카,Ancuta Sarca
앤드 원더,And Wander
안다르,Andar
안데르센 안데르센,Andersen Andersen
애니모어,Animore
앤커,Anker
앤 드뮐미스터,Ann Demeulemeester
안나 수이,Anna Sui
빨간머리 앤,Anne of Green Gables
아넥스 아카이브,Annexe Archives
아니카 이네즈,Annika Inez
어노인티드,Anointed
안타,Anta
안테 베를린,Ante Berlin
안티 소셜 소셜 클럽,Anti Social Social Club
아누아,Anua
에이펙스디자인,ApexDesign
